id,winner_model_a,winner_model_b,winner_tie
136060,0.2658857,0.27492926,0.45918503
211333,0.29977453,0.36999142,0.3302341
1233961,0.225737,0.48921797,0.28504497
