id,winner_model_a,winner_model_b,winner_tie
136060,0.240674,0.25550905,0.5038169
211333,0.43363687,0.259506,0.30685714
1233961,0.27617404,0.3706587,0.3531673
