id,winner_model_a,winner_model_b,winner_tie
136060,0.3374491519744424,0.3459614517740939,0.31658939625146365
211333,0.4453832169466135,0.24675259662202143,0.3078641864313651
1233961,0.40876236675854294,0.2760313736642841,0.315206259577173
