id,winner_model_a,winner_model_b,winner_tie
136060,0.27344292061825914,0.19308334587650897,0.533473733505232
211333,0.26536042842597674,0.4355352683740956,0.2991043031999276
1233961,0.242280211075462,0.47468247157866283,0.28303731734587534
